img_src,x,y
0.png,0.7854519,0.66530716
1.png,0.36738604,0.6626538
2.png,0.48571765,0.5293716
3.png,0.8955827,0.75955623
4.png,0.52152365,0.7524595
5.png,0.6729481,0.8361299
6.png,0.82022727,0.9053462
7.png,0.9671436,0.8821782
8.png,1.002738,0.99937075
9.png,0.6425578,0.60780346
